"1","Adolfo","Martinez","adolfo_martinez@outlook.com","3434877234","1","32584852","2021-08-29T12:53:05.000000Z","2021-08-29T12:53:05.000000Z"
"2","Aldana","Zualet","aldana_zualet@outlook.com","3434718103","","39051221","2021-08-29T12:53:05.000000Z","2021-08-29T12:53:05.000000Z"
"3","Gonzalo","Ramos Muzio","gonzalo_ramos muzio@outlook.com","3434832517","1","33607244","2021-08-29T12:53:05.000000Z","2021-08-29T12:53:05.000000Z"
"4","Alejandro","Stivanello","alejandro_stivanello@hotmail.com","3434494392","","34788902","2021-08-29T12:53:05.000000Z","2021-08-29T12:53:05.000000Z"
"5","Emiliano","Aressi","emiliano_aressi@hotmail.com","3434483649","1","41078578","2021-08-29T12:53:05.000000Z","2021-08-29T12:53:05.000000Z"
"6","Lucas","Campos","lucas_campos@yahoo.com","3434436015","","44128592","2021-08-29T12:53:05.000000Z","2021-08-29T12:53:05.000000Z"
"7","Federico","Rulh","federico_rulh@gmail.com","3434152262","","31825156","2021-08-29T12:53:05.000000Z","2021-08-29T12:53:05.000000Z"
"8","Juan","Ghibaudo","juan_ghibaudo@hotmail.com","3434818011","","36374570","2021-08-29T12:53:05.000000Z","2021-08-29T12:53:05.000000Z"
"9","Franco","Terranova","franco_terranova@hotmail.com","3434650021","1","31085872","2021-08-29T12:53:05.000000Z","2021-08-29T12:53:05.000000Z"
"10","Flavia","Crolla","flavia_crolla@yahoo.com","3434220342","","33869545","2021-08-29T12:53:05.000000Z","2021-08-29T12:53:05.000000Z"
"11","Magali","Lauk","magali_lauk@yahoo.com","3434852878","1","32262552","2021-08-29T12:53:05.000000Z","2021-08-29T12:53:05.000000Z"
"12","Leonel","Gareis","leonel_gareis@yahoo.com","3434480572","","35521872","2021-08-29T12:53:05.000000Z","2021-08-29T12:53:05.000000Z"
"13","Adrian","Soliard","adrian_soliard@outlook.com","3434396161","","32122553","2021-08-29T12:53:05.000000Z","2021-08-29T12:53:05.000000Z"
"14","Fernando","Sato","fernando_sato@outlook.com","3434373457","1","33685090","2021-08-29T12:53:05.000000Z","2021-08-29T12:53:05.000000Z"
"15","Martin","Palermo","martin_palermo@hotmail.com","3434653460","","30035123","2021-08-29T12:53:05.000000Z","2021-08-29T12:53:05.000000Z"
"16","Morena","Beltran","morena_beltran@gmail.com","3434421326","1","34205660","2021-08-29T12:53:05.000000Z","2021-08-29T12:53:05.000000Z"
"17","Johana","Lauk","johana_lauk@yahoo.com","3434736530","1","36443778","2021-08-29T12:53:05.000000Z","2021-08-29T12:53:05.000000Z"
"18","Pablo","Beckam","pablo_beckam@outlook.com","3434896934","","43532461","2021-08-29T12:53:05.000000Z","2021-08-29T12:53:05.000000Z"
"19","Lucas","Viatri","lucas_viatri@gmail.com","3434255331","1","42097021","2021-08-29T12:53:05.000000Z","2021-08-29T12:53:05.000000Z"
"20","Fort","Ricardo","fort_ricardo@yahoo.com","3434652855","1","36716842","2021-08-29T12:53:05.000000Z","2021-08-29T12:53:05.000000Z"
"21","Verlie","Reynolds","verlie_reynolds@outlook.com","3434551865","1","42754393","2021-08-29T12:53:05.000000Z","2021-08-29T12:53:05.000000Z"
"22","Bianka","Welch","bianka_welch@outlook.com","3434460475","","38699405","2021-08-29T12:53:05.000000Z","2021-08-29T12:53:05.000000Z"
"23","Marguerite","Kshlerin","marguerite_kshlerin@yahoo.com","3434241728","1","44001456","2021-08-29T12:53:05.000000Z","2021-08-29T12:53:05.000000Z"
"24","Bulah","Deckow","bulah_deckow@outlook.com","3434485471","1","38340939","2021-08-29T12:53:05.000000Z","2021-08-29T12:53:05.000000Z"
"25","Danielle","Schroeder","danielle_schroeder@outlook.com","3434388698","1","34471765","2021-08-29T12:53:05.000000Z","2021-08-29T12:53:05.000000Z"
"26","Arch","Kunde","arch_kunde@gmail.com","3434238494","","38685254","2021-08-29T12:53:05.000000Z","2021-08-29T12:53:05.000000Z"
"27","Jaunita","Reinger","jaunita_reinger@outlook.com","3434021306","1","31570965","2021-08-29T12:53:05.000000Z","2021-08-29T12:53:05.000000Z"
"28","Mario","D'Amore","mario_d'amore@gmail.com","3434492108","1","42346060","2021-08-29T12:53:05.000000Z","2021-08-29T12:53:05.000000Z"
"29","Karianne","Gaylord","karianne_gaylord@yahoo.com","3434452702","1","33116368","2021-08-29T12:53:05.000000Z","2021-08-29T12:53:05.000000Z"
"30","Thaddeus","Collier","thaddeus_collier@outlook.com","3434166032","1","36785918","2021-08-29T12:53:05.000000Z","2021-08-29T12:53:05.000000Z"
"31","Daija","Hills","daija_hills@yahoo.com","3434636048","1","31661969","2021-08-29T12:53:05.000000Z","2021-08-29T12:53:05.000000Z"
"32","Hayley","Ratke","hayley_ratke@hotmail.com","3434023855","","42831803","2021-08-29T12:53:05.000000Z","2021-08-29T12:53:05.000000Z"
"33","Marian","Nicolas","marian_nicolas@outlook.com","3434906812","","34772735","2021-08-29T12:53:05.000000Z","2021-08-29T12:53:05.000000Z"
"34","Reilly","Stoltenberg","reilly_stoltenberg@yahoo.com","3434431623","1","36478223","2021-08-29T12:53:05.000000Z","2021-08-29T12:53:05.000000Z"
"35","Natasha","Kris","natasha_kris@hotmail.com","3434647062","","39430633","2021-08-29T12:53:05.000000Z","2021-08-29T12:53:05.000000Z"
"36","Osvaldo","McClure","osvaldo_mcclure@gmail.com","3434550492","1","33322975","2021-08-29T12:53:05.000000Z","2021-08-29T12:53:05.000000Z"
"37","Gavin","Ortiz","gavin_ortiz@yahoo.com","3434864747","1","35096903","2021-08-29T12:53:05.000000Z","2021-08-29T12:53:05.000000Z"
"38","Renee","Gaylord","renee_gaylord@outlook.com","3434384779","1","40855473","2021-08-29T12:53:05.000000Z","2021-08-29T12:53:05.000000Z"
"39","Cordie","Mills","cordie_mills@gmail.com","3434569659","1","30834123","2021-08-29T12:53:05.000000Z","2021-08-29T12:53:05.000000Z"
"40","Florence","Pouros","florence_pouros@outlook.com","3434973283","1","32441863","2021-08-29T12:53:05.000000Z","2021-08-29T12:53:05.000000Z"
"41","Hannah","Ondricka","hannah_ondricka@hotmail.com","3434830037","1","30818327","2021-08-29T12:53:05.000000Z","2021-08-29T12:53:05.000000Z"
"42","Destin","Towne","destin_towne@hotmail.com","3434882877","1","31191860","2021-08-29T12:53:05.000000Z","2021-08-29T12:53:05.000000Z"
"43","Anissa","Labadie","anissa_labadie@hotmail.com","3434347316","1","38072183","2021-08-29T12:53:05.000000Z","2021-08-29T12:53:05.000000Z"
"44","Robert","Kutch","robert_kutch@outlook.com","3434364601","","38276683","2021-08-29T12:53:05.000000Z","2021-08-29T12:53:05.000000Z"
"45","Justen","McGlynn","justen_mcglynn@hotmail.com","3434870822","1","42980655","2021-08-29T12:53:05.000000Z","2021-08-29T12:53:05.000000Z"
"46","Chauncey","Abbott","chauncey_abbott@outlook.com","3434137916","1","44624104","2021-08-29T12:53:05.000000Z","2021-08-29T12:53:05.000000Z"
"47","Norene","Gulgowski","norene_gulgowski@hotmail.com","3434966260","1","31079109","2021-08-29T12:53:05.000000Z","2021-08-29T12:53:05.000000Z"
"48","Julien","O'Connell","julien_o'connell@yahoo.com","3434978188","1","31925273","2021-08-29T12:53:05.000000Z","2021-08-29T12:53:05.000000Z"
"49","Joel","Maggio","joel_maggio@hotmail.com","3434834503","","38257650","2021-08-29T12:53:05.000000Z","2021-08-29T12:53:05.000000Z"
"50","Rowena","Welch","rowena_welch@outlook.com","3434043782","1","36879074","2021-08-29T12:53:05.000000Z","2021-08-29T12:53:05.000000Z"
"51","Mary","Rohan","mary_rohan@hotmail.com","3434137076","1","34574695","2021-08-29T12:53:05.000000Z","2021-08-29T12:53:05.000000Z"
"52","Josiah","Mante","josiah_mante@yahoo.com","3434356464","1","37723498","2021-08-29T12:53:05.000000Z","2021-08-29T12:53:05.000000Z"
"53","Conrad","Stracke","conrad_stracke@yahoo.com","3434470396","","31638013","2021-08-29T12:53:05.000000Z","2021-08-29T12:53:05.000000Z"
"54","Jacques","Parisian","jacques_parisian@gmail.com","3434996749","","43278998","2021-08-29T12:53:05.000000Z","2021-08-29T12:53:05.000000Z"
"55","Herta","Rice","herta_rice@yahoo.com","3434493550","1","44519673","2021-08-29T12:53:05.000000Z","2021-08-29T12:53:05.000000Z"
"56","Alize","Tremblay","alize_tremblay@gmail.com","3434634758","","37307071","2021-08-29T12:53:05.000000Z","2021-08-29T12:53:05.000000Z"
"57","Ismael","Jast","ismael_jast@outlook.com","3434158023","","34614763","2021-08-29T12:53:05.000000Z","2021-08-29T12:53:05.000000Z"
"58","Eden","Moen","eden_moen@gmail.com","3434130467","","41803930","2021-08-29T12:53:05.000000Z","2021-08-29T12:53:05.000000Z"
"59","Edgardo","Lind","edgardo_lind@hotmail.com","3434734402","1","35204706","2021-08-29T12:53:05.000000Z","2021-08-29T12:53:05.000000Z"
"60","Jana","Gorczany","jana_gorczany@gmail.com","3434791362","","41911684","2021-08-29T12:53:05.000000Z","2021-08-29T12:53:05.000000Z"
"61","Jena","Pacocha","jena_pacocha@outlook.com","3434544477","","43039639","2021-08-29T12:53:05.000000Z","2021-08-29T12:53:05.000000Z"
"62","Cade","Becker","cade_becker@hotmail.com","3434802733","1","31573768","2021-08-29T12:53:05.000000Z","2021-08-29T12:53:05.000000Z"
"63","Chaya","Runolfsson","chaya_runolfsson@hotmail.com","3434683115","","41250648","2021-08-29T12:53:05.000000Z","2021-08-29T12:53:05.000000Z"
"64","Terrence","Toy","terrence_toy@gmail.com","3434282902","","43009289","2021-08-29T12:53:05.000000Z","2021-08-29T12:53:05.000000Z"
"65","Damon","Skiles","damon_skiles@hotmail.com","3434172055","1","39267862","2021-08-29T12:53:05.000000Z","2021-08-29T12:53:05.000000Z"
"66","Rosanna","Koch","rosanna_koch@hotmail.com","3434972755","1","32004178","2021-08-29T12:53:05.000000Z","2021-08-29T12:53:05.000000Z"
"67","Bridget","Conroy","bridget_conroy@outlook.com","3434249648","","30798092","2021-08-29T12:53:05.000000Z","2021-08-29T12:53:05.000000Z"
"68","Fannie","Tromp","fannie_tromp@hotmail.com","3434548182","","30057772","2021-08-29T12:53:05.000000Z","2021-08-29T12:53:05.000000Z"
"69","Tyreek","Cruickshank","tyreek_cruickshank@yahoo.com","3434331714","1","40923482","2021-08-29T12:53:05.000000Z","2021-08-29T12:53:05.000000Z"
"70","Norris","Mohr","norris_mohr@hotmail.com","3434594509","","34940686","2021-08-29T12:53:05.000000Z","2021-08-29T12:53:05.000000Z"
"71","Gustave","Hackett","gustave_hackett@yahoo.com","3434065345","1","44886324","2021-08-29T12:53:05.000000Z","2021-08-29T12:53:05.000000Z"
"72","Maya","Hagenes","maya_hagenes@outlook.com","3434209353","","38652818","2021-08-29T12:53:05.000000Z","2021-08-29T12:53:05.000000Z"
"73","Lillie","Grant","lillie_grant@yahoo.com","3434724019","1","40162206","2021-08-29T12:53:05.000000Z","2021-08-29T12:53:05.000000Z"
"74","Merlin","Russel","merlin_russel@yahoo.com","3434414939","1","41500514","2021-08-29T12:53:05.000000Z","2021-08-29T12:53:05.000000Z"
"75","Kirsten","Senger","kirsten_senger@outlook.com","3434026099","","42034489","2021-08-29T12:53:05.000000Z","2021-08-29T12:53:05.000000Z"
"76","Rigoberto","Pagac","rigoberto_pagac@outlook.com","3434927510","","36156419","2021-08-29T12:53:05.000000Z","2021-08-29T12:53:05.000000Z"
"77","Morris","Towne","morris_towne@hotmail.com","3434881772","","34157007","2021-08-29T12:53:05.000000Z","2021-08-29T12:53:05.000000Z"
"78","Gust","Donnelly","gust_donnelly@gmail.com","3434164382","","32531609","2021-08-29T12:53:05.000000Z","2021-08-29T12:53:05.000000Z"
"79","Imelda","Hettinger","imelda_hettinger@gmail.com","3434935373","","30869208","2021-08-29T12:53:05.000000Z","2021-08-29T12:53:05.000000Z"
"80","Olen","Schuppe","olen_schuppe@hotmail.com","3434555326","1","42477816","2021-08-29T12:53:05.000000Z","2021-08-29T12:53:05.000000Z"
"81","Ashley","Ritchie","ashley_ritchie@yahoo.com","3434293842","","40664207","2021-08-29T12:53:05.000000Z","2021-08-29T12:53:05.000000Z"
"82","Cooper","Lockman","cooper_lockman@hotmail.com","3434734159","","32529652","2021-08-29T12:53:05.000000Z","2021-08-29T12:53:05.000000Z"
"83","Thurman","Wilkinson","thurman_wilkinson@yahoo.com","3434750146","","32122508","2021-08-29T12:53:05.000000Z","2021-08-29T12:53:05.000000Z"
"84","Neoma","Lehner","neoma_lehner@yahoo.com","3434087360","","43246247","2021-08-29T12:53:05.000000Z","2021-08-29T12:53:05.000000Z"
"85","Etha","Hamill","etha_hamill@outlook.com","3434922819","","32122840","2021-08-29T12:53:05.000000Z","2021-08-29T12:53:05.000000Z"
"86","Harley","Harris","harley_harris@hotmail.com","3434790838","1","40205761","2021-08-29T12:53:05.000000Z","2021-08-29T12:53:05.000000Z"
"87","Friedrich","Green","friedrich_green@gmail.com","3434285109","","39629491","2021-08-29T12:53:05.000000Z","2021-08-29T12:53:05.000000Z"
"88","Elinor","Beier","elinor_beier@yahoo.com","3434730884","1","31988153","2021-08-29T12:53:05.000000Z","2021-08-29T12:53:05.000000Z"
"89","Sydnee","Lubowitz","sydnee_lubowitz@gmail.com","3434618124","1","39634452","2021-08-29T12:53:05.000000Z","2021-08-29T12:53:05.000000Z"
"90","Tyrese","Cronin","tyrese_cronin@hotmail.com","3434353837","","32984511","2021-08-29T12:53:05.000000Z","2021-08-29T12:53:05.000000Z"
"91","Osborne","Ruecker","osborne_ruecker@gmail.com","3434740756","","40912834","2021-08-29T12:53:05.000000Z","2021-08-29T12:53:05.000000Z"
"92","Gardner","Dickinson","gardner_dickinson@gmail.com","3434636861","1","40486668","2021-08-29T12:53:05.000000Z","2021-08-29T12:53:05.000000Z"
"93","Orion","Kohler","orion_kohler@gmail.com","3434536143","","36886113","2021-08-29T12:53:05.000000Z","2021-08-29T12:53:05.000000Z"
"94","Larissa","Champlin","larissa_champlin@yahoo.com","3434963964","1","39298167","2021-08-29T12:53:05.000000Z","2021-08-29T12:53:05.000000Z"
"95","Brain","Kirlin","brain_kirlin@gmail.com","3434629191","1","40284806","2021-08-29T12:53:05.000000Z","2021-08-29T12:53:05.000000Z"
"96","Adele","Wilkinson","adele_wilkinson@outlook.com","3434397685","1","34001336","2021-08-29T12:53:05.000000Z","2021-08-29T12:53:05.000000Z"
"97","Arianna","Kuhic","arianna_kuhic@gmail.com","3434861668","1","41939573","2021-08-29T12:53:05.000000Z","2021-08-29T12:53:05.000000Z"
"98","Ricardo","Ullrich","ricardo_ullrich@hotmail.com","3434137941","","30651540","2021-08-29T12:53:05.000000Z","2021-08-29T12:53:05.000000Z"
"99","Eugene","Hayes","eugene_hayes@gmail.com","3434871288","1","37240777","2021-08-29T12:53:05.000000Z","2021-08-29T12:53:05.000000Z"
"100","Elvis","Daniel","elvis_daniel@gmail.com","3434928199","1","37645027","2021-08-29T12:53:05.000000Z","2021-08-29T12:53:05.000000Z"
"101","Jessika","Rowe","jessika_rowe@gmail.com","3434418106","","40855167","2021-08-29T12:53:05.000000Z","2021-08-29T12:53:05.000000Z"
"102","Felipa","Stroman","felipa_stroman@yahoo.com","3434536321","1","35495902","2021-08-29T12:53:05.000000Z","2021-08-29T12:53:05.000000Z"
"103","Jed","Waelchi","jed_waelchi@yahoo.com","3434433885","","41473985","2021-08-29T12:53:05.000000Z","2021-08-29T12:53:05.000000Z"
"104","Madonna","Mills","madonna_mills@hotmail.com","3434191847","1","30090323","2021-08-29T12:53:05.000000Z","2021-08-29T12:53:05.000000Z"
"105","Shawna","Lesch","shawna_lesch@yahoo.com","3434730173","","43433327","2021-08-29T12:53:05.000000Z","2021-08-29T12:53:05.000000Z"
"106","Salvatore","Ondricka","salvatore_ondricka@outlook.com","3434488658","1","42658240","2021-08-29T12:53:05.000000Z","2021-08-29T12:53:05.000000Z"
"107","Bradford","Hyatt","bradford_hyatt@gmail.com","3434598178","1","39994752","2021-08-29T12:53:05.000000Z","2021-08-29T12:53:05.000000Z"
"108","Catharine","Haag","catharine_haag@outlook.com","3434669846","","32342303","2021-08-29T12:53:05.000000Z","2021-08-29T12:53:05.000000Z"
"109","Nicolette","Roberts","nicolette_roberts@outlook.com","3434151550","1","30485014","2021-08-29T12:53:05.000000Z","2021-08-29T12:53:05.000000Z"
"110","Yazmin","Fritsch","yazmin_fritsch@gmail.com","3434171518","","44772081","2021-08-29T12:53:05.000000Z","2021-08-29T12:53:05.000000Z"
"111","Anastasia","Braun","anastasia_braun@gmail.com","3434271798","","43007603","2021-08-29T12:53:05.000000Z","2021-08-29T12:53:05.000000Z"
"112","Mitchell","Hill","mitchell_hill@hotmail.com","3434324618","1","35829518","2021-08-29T12:53:05.000000Z","2021-08-29T12:53:05.000000Z"
"113","Sierra","Hegmann","sierra_hegmann@gmail.com","3434031567","","31207106","2021-08-29T12:53:05.000000Z","2021-08-29T12:53:05.000000Z"
"114","Sid","Hickle","sid_hickle@gmail.com","3434831506","","44859700","2021-08-29T12:53:05.000000Z","2021-08-29T12:53:05.000000Z"
"115","Tristian","Bradtke","tristian_bradtke@outlook.com","3434462120","1","42100430","2021-08-29T12:53:05.000000Z","2021-08-29T12:53:05.000000Z"
"116","Rosanna","Bergstrom","rosanna_bergstrom@outlook.com","3434600742","1","30741685","2021-08-29T12:53:05.000000Z","2021-08-29T12:53:05.000000Z"
"117","Bethany","Hauck","bethany_hauck@gmail.com","3434748817","","30755637","2021-08-29T12:53:05.000000Z","2021-08-29T12:53:05.000000Z"
"118","Kayla","Herman","kayla_herman@gmail.com","3434340461","1","31363706","2021-08-29T12:53:05.000000Z","2021-08-29T12:53:05.000000Z"
"119","Ignatius","Hessel","ignatius_hessel@hotmail.com","3434396393","1","33080136","2021-08-29T12:53:05.000000Z","2021-08-29T12:53:05.000000Z"
"120","Rafaela","Beatty","rafaela_beatty@yahoo.com","3434439873","1","36501133","2021-08-29T12:53:05.000000Z","2021-08-29T12:53:05.000000Z"
"121","Gustavo","Maili","gustavo_maili@yahoo.com","3434346348","1","37720626","2021-08-29T12:53:06.000000Z","2021-08-29T12:53:06.000000Z"
"122","Aguirre","German","aguirre_german@gmail.com","3434922757","","30790480","2021-08-29T12:53:06.000000Z","2021-08-29T12:53:06.000000Z"
"123","Nicolas","Migoni","nicolas_migoni@yahoo.com","3434003323","1","32119818","2021-08-29T12:53:06.000000Z","2021-08-29T12:53:06.000000Z"
"124","Agustin","Asmu","agustin_asmu@gmail.com","3434178965","","36296620","2021-08-29T12:53:06.000000Z","2021-08-29T12:53:06.000000Z"
"125","Gaston","Dupertuis","gaston_dupertuis@outlook.com","3434111564","1","37048019","2021-08-29T12:53:06.000000Z","2021-08-29T12:53:06.000000Z"
"126","Enrique","Amore","enrique_amore@yahoo.com","3434114145","1","30945368","2021-08-29T12:53:06.000000Z","2021-08-29T12:53:06.000000Z"
"127","Elias","Maili","elias_maili@gmail.com","3434560936","1","34392562","2021-08-29T12:53:06.000000Z","2021-08-29T12:53:06.000000Z"
"128","Geronimo","Pradella","geronimo_pradella@gmail.com","3434533294","1","37287667","2021-08-29T12:53:06.000000Z","2021-08-29T12:53:06.000000Z"
"129","Andres","Nohara","andres_nohara@outlook.com","3434769142","","33452001","2021-08-29T12:53:06.000000Z","2021-08-29T12:53:06.000000Z"
"130","Luis","Soto","luis_soto@hotmail.com","3434589117","","36807771","2021-08-29T12:53:06.000000Z","2021-08-29T12:53:06.000000Z"
"131","Carlos","Fernandez","carlos_fernandez@outlook.com","3434812882","1","30849836","2021-08-29T12:53:06.000000Z","2021-08-29T12:53:06.000000Z"
"132","Fernando","Becker","fernando_becker@gmail.com","3434603043","","31754376","2021-08-29T12:53:06.000000Z","2021-08-29T12:53:06.000000Z"
"133","Axel","Figueroa","axel_figueroa@gmail.com","3434885981","1","30515498","2021-08-29T12:53:06.000000Z","2021-08-29T12:53:06.000000Z"
"134","Yamil","Asmu","yamil_asmu@yahoo.com","3434799109","1","33324006","2021-08-29T12:53:06.000000Z","2021-08-29T12:53:06.000000Z"
"135","Fausto","Fontana","fausto_fontana@outlook.com","3434419690","1","39110738","2021-08-29T12:53:06.000000Z","2021-08-29T12:53:06.000000Z"
"136","Raul","Pressel","raul_pressel@hotmail.com","3434512792","","36738289","2021-08-29T12:53:06.000000Z","2021-08-29T12:53:06.000000Z"
"137","Joel","Chiara","joel_chiara@outlook.com","3434609434","","33567532","2021-08-29T12:53:06.000000Z","2021-08-29T12:53:06.000000Z"
"138","Franco","Banfi","franco_banfi@yahoo.com","3434469819","","34285856","2021-08-29T12:53:06.000000Z","2021-08-29T12:53:06.000000Z"
"139","Levin","Raul","levin_raul@outlook.com","3434760515","1","39846632","2021-08-29T12:53:06.000000Z","2021-08-29T12:53:06.000000Z"
"140","Jose","Aguer","jose_aguer@gmail.com","3434617208","","32365178","2021-08-29T12:53:06.000000Z","2021-08-29T12:53:06.000000Z"
"141","Joel","Maili","joel_maili@gmail.com","3434446012","1","39491460","2021-08-29T12:53:06.000000Z","2021-08-29T12:53:06.000000Z"
"142","Carlos","Gandolfo","carlos_gandolfo@outlook.com","3434862086","1","37051404","2021-08-29T12:53:06.000000Z","2021-08-29T12:53:06.000000Z"
"143","Pablo","Welschen","pablo_welschen@gmail.com","3434870336","","38405446","2021-08-29T12:53:06.000000Z","2021-08-29T12:53:06.000000Z"
"144","Gonzalo","Ramos","gonzalo_ramos@outlook.com","3434523273","1","36895326","2021-08-29T12:53:06.000000Z","2021-08-29T12:53:06.000000Z"
"145","Nicolas","Welschen","nicolas_welschen@hotmail.com","3434279587","","30978479","2021-08-29T12:53:06.000000Z","2021-08-29T12:53:06.000000Z"
"146","Julio","Galera","julio_galera@outlook.com","3434797717","1","30847078","2021-08-29T12:53:06.000000Z","2021-08-29T12:53:06.000000Z"
"147","Gustavo","Guglia","gustavo_guglia@hotmail.com","3434412770","1","44806893","2021-08-29T12:53:06.000000Z","2021-08-29T12:53:06.000000Z"
"148","Javier","Tenca","javier_tenca@hotmail.com","3434060371","1","42198065","2021-08-29T12:53:06.000000Z","2021-08-29T12:53:06.000000Z"
"149","Agustin","Lanaro","agustin_lanaro@yahoo.com","3434766071","","38102557","2021-08-29T12:53:06.000000Z","2021-08-29T12:53:06.000000Z"
"150","Juan","CLerch","juan_clerch@gmail.com","3434254200","","36737438","2021-08-29T12:53:06.000000Z","2021-08-29T12:53:06.000000Z"
"151","Jorge","Larrosa","jorge_larrosa@outlook.com","3434886278","","32138059","2021-08-29T12:53:06.000000Z","2021-08-29T12:53:06.000000Z"
"152","Juan","Carlos L,erch","juan_carlos l,erch@outlook.com","3434673531","","44343049","2021-08-29T12:53:06.000000Z","2021-08-29T12:53:06.000000Z"
"153","Guillermo","De Maria","guillermo_de maria@outlook.com","3434339642","1","37740441","2021-08-29T12:53:06.000000Z","2021-08-29T12:53:06.000000Z"
"154","Yuri","Uziel","yuri_uziel@outlook.com","3434732048","1","38697100","2021-08-29T12:53:06.000000Z","2021-08-29T12:53:06.000000Z"
"155","Gabriel","Aguirre","gabriel_aguirre@gmail.com","3434727463","","44839703","2021-08-29T12:53:06.000000Z","2021-08-29T12:53:06.000000Z"
"156","Oscar","Benicio","oscar_benicio@gmail.com","3434871045","","31614343","2021-08-29T12:53:06.000000Z","2021-08-29T12:53:06.000000Z"
"157","Pablo","Abraham","pablo_abraham@hotmail.com","3434129376","","32853677","2021-08-29T12:53:06.000000Z","2021-08-29T12:53:06.000000Z"
"158","Mario","Brunengo","mario_brunengo@outlook.com","3434969456","1","36370085","2021-08-29T12:53:06.000000Z","2021-08-29T12:53:06.000000Z"
"159","Fernando","Bosso","fernando_bosso@outlook.com","3434946405","","43436115","2021-08-29T12:53:06.000000Z","2021-08-29T12:53:06.000000Z"
"160","Sandra","Aguirre","sandra_aguirre@gmail.com","3434022774","1","36936015","2021-08-29T12:53:06.000000Z","2021-08-29T12:53:06.000000Z"
"161","Palavecino","Mario","palavecino_mario@outlook.com","3434091747","1","44481877","2021-08-29T12:53:06.000000Z","2021-08-29T12:53:06.000000Z"
"162","Fredy","Rebosio","fredy_rebosio@yahoo.com","3434855665","","41403376","2021-08-29T12:53:06.000000Z","2021-08-29T12:53:06.000000Z"
"163","Gabriel","Gomes","gabriel_gomes@outlook.com","3434381912","1","42706993","2021-08-29T12:53:06.000000Z","2021-08-29T12:53:06.000000Z"
"164","Graciela","Werner","graciela_werner@hotmail.com","3434072661","1","40027794","2021-08-29T12:53:06.000000Z","2021-08-29T12:53:06.000000Z"
"165","Emiliano","Rodriguez Alarcon","emiliano_rodriguez alarcon@hotmail.com","3434071340","","41878808","2021-08-29T12:53:06.000000Z","2021-08-29T12:53:06.000000Z"
"166","Juan","Lerch","juan_lerch@hotmail.com","3434540731","1","30422368","2021-08-29T12:53:06.000000Z","2021-08-29T12:53:06.000000Z"
"167","Alfred","Grass","alfred_grass@outlook.com","3434623361","1","40210286","2021-08-29T12:53:06.000000Z","2021-08-29T12:53:06.000000Z"
"168","Javier","comas","javier_comas@gmail.com","3434445859","","35489510","2021-08-29T12:53:06.000000Z","2021-08-29T12:53:06.000000Z"
"169","Victor","Chitero","victor_chitero@yahoo.com","3434561426","","31749731","2021-08-29T12:53:06.000000Z","2021-08-29T12:53:06.000000Z"
"170","Fabian","K","fabian_k@yahoo.com","3434311483","","41641588","2021-08-29T12:53:06.000000Z","2021-08-29T12:53:06.000000Z"
"171","German","K","german_k@gmail.com","3434423145","","31957701","2021-08-29T12:53:06.000000Z","2021-08-29T12:53:06.000000Z"
"172","Cristian","Gabas","cristian_gabas@gmail.com","3434901338","","33167752","2021-08-29T12:53:06.000000Z","2021-08-29T12:53:06.000000Z"
"173","Beatriz","Taborda","beatriz_taborda@yahoo.com","3434882660","","33043754","2021-08-29T12:53:06.000000Z","2021-08-29T12:53:06.000000Z"
"174","Benjamin","Hutin","benjamin_hutin@hotmail.com","3434903011","1","41994027","2021-08-29T12:53:06.000000Z","2021-08-29T12:53:06.000000Z"
"175","Melania","Almeira","melania_almeira@gmail.com","3434928502","","34764869","2021-08-29T12:53:06.000000Z","2021-08-29T12:53:06.000000Z"
"176","Sergio","Gambino","sergio_gambino@yahoo.com","3434337943","","30943592","2021-08-29T12:53:06.000000Z","2021-08-29T12:53:06.000000Z"
"177","Santiago","Atkinson","santiago_atkinson@yahoo.com","3434053162","1","34399057","2021-08-29T12:53:06.000000Z","2021-08-29T12:53:06.000000Z"
"178","Gabriela","Pignoux","gabriela_pignoux@outlook.com","3434959277","","43924838","2021-08-29T12:53:06.000000Z","2021-08-29T12:53:06.000000Z"
"179","Elida","Benitez","elida_benitez@outlook.com","3434224946","","36162712","2021-08-29T12:53:06.000000Z","2021-08-29T12:53:06.000000Z"
"180","Diaz","Claudino","diaz_claudino@hotmail.com","3434596582","","34167672","2021-08-29T12:53:06.000000Z","2021-08-29T12:53:06.000000Z"
"181","Mirta","Smith","mirta_smith@outlook.com","3434676270","","30350126","2021-08-29T12:53:06.000000Z","2021-08-29T12:53:06.000000Z"
"182","Mari","Monzon","mari_monzon@gmail.com","3434164195","","36278625","2021-08-29T12:53:06.000000Z","2021-08-29T12:53:06.000000Z"
"183","Claudino","Diaz","claudino_diaz@hotmail.com","3434310954","1","38707881","2021-08-29T12:53:06.000000Z","2021-08-29T12:53:06.000000Z"
"184","Sandra","Aguirre","sandra_aguirre@hotmail.com","3434265210","","44895536","2021-08-29T12:53:06.000000Z","2021-08-29T12:53:06.000000Z"
"185","Silvina","Varisco","silvina_varisco@hotmail.com","3434257428","","37673050","2021-08-29T12:53:06.000000Z","2021-08-29T12:53:06.000000Z"
"186","Carlos","Erbetta","carlos_erbetta@yahoo.com","3434693975","1","40366657","2021-08-29T12:53:06.000000Z","2021-08-29T12:53:06.000000Z"
"187","Monica","Dome","monica_dome@yahoo.com","3434012324","","31781349","2021-08-29T12:53:06.000000Z","2021-08-29T12:53:06.000000Z"
"188","Claudia","Lell","claudia_lell@gmail.com","3434634281","1","42658271","2021-08-29T12:53:06.000000Z","2021-08-29T12:53:06.000000Z"
"189","Eliel","Sigal","eliel_sigal@gmail.com","3434810435","1","41182174","2021-08-29T12:53:06.000000Z","2021-08-29T12:53:06.000000Z"
"190","Facundo","Acevedo","facundo_acevedo@outlook.com","3434206083","","32834366","2021-08-29T12:53:06.000000Z","2021-08-29T12:53:06.000000Z"
